Email,City
officer1@city.gov,Colombo
officer2@city.gov,Kandy
officer3@city.gov,Galle
officer4@city.gov,Jaffna
officer5@city.gov,Negombo
officer6@city.gov,Colombo
officer7@city.gov,Kandy
officer8@city.gov,Galle
officer9@city.gov,Jaffna
officer10@city.gov,Negombo
officer11@city.gov,Colombo
officer12@city.gov,Kandy
officer13@city.gov,Galle
officer14@city.gov,Jaffna
officer15@city.gov,Negombo
officer16@city.gov,Colombo
officer17@city.gov,Kandy
officer18@city.gov,Galle
officer19@city.gov,Jaffna
officer20@city.gov,Negombo
officer21@city.gov,Colombo
officer22@city.gov,Kandy
officer23@city.gov,Galle
officer24@city.gov,Jaffna
officer25@city.gov,Negombo
officer26@city.gov,Colombo
officer27@city.gov,Kandy
officer28@city.gov,Galle
officer29@city.gov,Jaffna
officer30@city.gov,Negombo
officer31@city.gov,Colombo
officer32@city.gov,Kandy
officer33@city.gov,Galle
officer34@city.gov,Jaffna
officer35@city.gov,Negombo
officer36@city.gov,Colombo
officer37@city.gov,Kandy
officer38@city.gov,Galle
officer39@city.gov,Jaffna
officer40@city.gov,Negombo
officer41@city.gov,Colombo
officer42@city.gov,Kandy
officer43@city.gov,Galle
officer44@city.gov,Jaffna
officer45@city.gov,Negombo
officer46@city.gov,Colombo
officer47@city.gov,Kandy
officer48@city.gov,Galle
officer49@city.gov,Jaffna
officer50@city.gov,Negombo
officer51@city.gov,Colombo
officer52@city.gov,Kandy
officer53@city.gov,Galle
officer54@city.gov,Jaffna
officer55@city.gov,Negombo
officer56@city.gov,Colombo
officer57@city.gov,Kandy
officer58@city.gov,Galle
officer59@city.gov,Jaffna
officer60@city.gov,Negombo
officer61@city.gov,Colombo
officer62@city.gov,Kandy
officer63@city.gov,Galle
officer64@city.gov,Jaffna
officer65@city.gov,Negombo
officer66@city.gov,Colombo
officer67@city.gov,Kandy
officer68@city.gov,Galle
officer69@city.gov,Jaffna
officer70@city.gov,Negombo
officer71@city.gov,Colombo
officer72@city.gov,Kandy
officer73@city.gov,Galle
officer74@city.gov,Jaffna
officer75@city.gov,Negombo
officer76@city.gov,Colombo
officer77@city.gov,Kandy
officer78@city.gov,Galle
officer79@city.gov,Jaffna
officer80@city.gov,Negombo
officer81@city.gov,Colombo
officer82@city.gov,Kandy
officer83@city.gov,Galle
officer84@city.gov,Jaffna
officer85@city.gov,Negombo
officer86@city.gov,Colombo
officer87@city.gov,Kandy
officer88@city.gov,Galle
officer89@city.gov,Jaffna
officer90@city.gov,Negombo
officer91@city.gov,Colombo
officer92@city.gov,Kandy
officer93@city.gov,Galle
officer94@city.gov,Jaffna
officer95@city.gov,Negombo
officer96@city.gov,Colombo
officer97@city.gov,Kandy
officer98@city.gov,Galle
officer99@city.gov,Jaff
